{
  "identifier": "migrated",
  "description": "permissions that were migrated from v1",
  "context": "local",
  "windows": [
    "translator",
    "settings",
    "action_manager",
    "updater",
    "thumb",
    "screenshot",
    "history"
  ],
  "permissions": [
    {
      "identifier": "http:default",
      "allow": [
        {
          "url": "https://*"
        },
        {
          "url": "http://*"
        }
      ]
    },
    "core:path:default",
    "core:event:default",
    "core:webview:default",
    "core:webview:allow-create-webview",
    "core:webview:allow-create-webview-window",
    "core:webview:allow-internal-toggle-devtools",
    "core:webview:allow-print",
    "core:webview:allow-reparent",
    "core:webview:allow-set-webview-focus",
    "core:webview:allow-set-webview-position",
    "core:webview:allow-set-webview-size",
    "core:webview:allow-webview-close",
    "core:webview:allow-webview-position",
    "core:webview:allow-webview-size",
    "core:window:default",
    "core:window:allow-available-monitors",
    "core:window:allow-center",
    "core:window:allow-close",
    "core:window:allow-create",
    "core:window:allow-current-monitor",
    "core:window:allow-destroy",
    "core:window:allow-hide",
    "core:window:allow-inner-position",
    "core:window:allow-inner-size",
    "core:window:allow-internal-toggle-maximize",
    "core:window:allow-is-closable",
    "core:window:allow-is-decorated",
    "core:window:allow-is-focused",
    "core:window:allow-is-fullscreen",
    "core:window:allow-is-maximizable",
    "core:window:allow-is-maximized",
    "core:window:allow-is-minimizable",
    "core:window:allow-is-minimized",
    "core:window:allow-is-resizable",
    "core:window:allow-is-visible",
    "core:window:allow-maximize",
    "core:window:allow-minimize",
    "core:window:allow-outer-position",
    "core:window:allow-outer-size",
    "core:window:allow-primary-monitor",
    "core:window:allow-request-user-attention",
    "core:window:allow-scale-factor",
    "core:window:allow-set-always-on-bottom",
    "core:window:allow-set-always-on-top",
    "core:window:allow-set-closable",
    "core:window:allow-set-content-protected",
    "core:window:allow-set-cursor-grab",
    "core:window:allow-set-cursor-icon",
    "core:window:allow-set-cursor-position",
    "core:window:allow-set-cursor-visible",
    "core:window:allow-set-decorations",
    "core:window:allow-set-effects",
    "core:window:allow-set-focus",
    "core:window:allow-set-fullscreen",
    "core:window:allow-set-icon",
    "core:window:allow-set-ignore-cursor-events",
    "core:window:allow-set-max-size",
    "core:window:allow-set-maximizable",
    "core:window:allow-set-min-size",
    "core:window:allow-set-minimizable",
    "core:window:allow-set-position",
    "core:window:allow-set-progress-bar",
    "core:window:allow-set-resizable",
    "core:window:allow-set-shadow",
    "core:window:allow-set-size",
    "core:window:allow-set-skip-taskbar",
    "core:window:allow-set-title",
    "core:window:allow-set-visible-on-all-workspaces",
    "core:window:allow-show",
    "core:window:allow-start-dragging",
    "core:window:allow-theme",
    "core:window:allow-title",
    "core:window:allow-toggle-maximize",
    "core:window:allow-unmaximize",
    "core:window:allow-unminimize",
    "core:app:default",
    "core:app:allow-app-show",
    "core:app:allow-app-hide",
    "core:resources:default",
    "core:menu:default",
    "core:tray:default",
    "updater:default",
    "aptabase:allow-track-event",
    "shell:allow-execute",
    "shell:allow-kill",
    "shell:allow-open",
    "shell:allow-stdin-write",
    "autostart:allow-is-enabled",
    "autostart:allow-enable",
    "autostart:allow-disable",
    "global-shortcut:allow-is-registered",
    "global-shortcut:allow-register",
    "global-shortcut:allow-register-all",
    "global-shortcut:allow-unregister",
    "global-shortcut:allow-unregister-all",
    "os:allow-platform",
    "os:allow-version",
    "os:allow-os-type",
    "os:allow-family",
    "os:allow-arch",
    "os:allow-exe-extension",
    "os:allow-locale",
    "os:allow-hostname",
    "process:allow-restart",
    "process:allow-exit",
    "notification:default",
    "notification:allow-is-permission-granted",
    "fs:default",
    "fs:read-all",
    "fs:write-all",
    {
      "identifier": "fs:scope",
      "allow": [
        {
          "path": "**"
        },
        {
          "path": "$CONFIG/**"
        },
        {
          "path": "$APPCONFIG/**"
        },
        {
          "path": "$APPDATA/**"
        },
        {
          "path": "$APPLOCALDATA/**"
        },
        {
          "path": "$APPCACHE/**"
        },
        {
          "path": "$APPLOG/**"
        },
        {
          "path": "$DESKTOP/**"
        }
      ]
    }
  ],
  "platforms": [
    "linux",
    "macOS",
    "windows",
    "android",
    "iOS"
  ]
}
